category,fail_strict,fail_lenient
celebrity,0.3452991452991453,0.4888888888888889
ip,0.19484126984126984,0.3515873015873016
